IP地址,端口,TLS,数据中心,地区,城市,网络延迟,下载速度
23.27.26.158,20003,true,LAX,北美洲,美国洛杉矶,1 ms,0 kB/s
166.88.90.18,11109,true,LAX,北美洲,美国洛杉矶,1 ms,0 kB/s
103.179.142.20,20003,true,LAX,北美洲,美国洛杉矶,1 ms,0 kB/s
23.27.120.239,40002,true,LAX,北美洲,美国洛杉矶,1 ms,0 kB/s
166.88.114.106,27015,true,LAX,北美洲,美国洛杉矶,1 ms,0 kB/s
45.249.90.211,42756,true,LAX,北美洲,美国洛杉矶,1 ms,0 kB/s
23.27.26.187,20001,true,LAX,北美洲,美国洛杉矶,1 ms,0 kB/s
23.27.26.144,20003,true,LAX,北美洲,美国洛杉矶,2 ms,0 kB/s
23.27.12.120,43274,true,LAX,北美洲,美国洛杉矶,1 ms,0 kB/s
216.173.65.175,20001,true,LAX,北美洲,美国洛杉矶,1 ms,0 kB/s
23.27.168.75,20098,true,LAX,北美洲,美国洛杉矶,4 ms,0 kB/s
23.27.120.124,45533,true,LAX,北美洲,美国洛杉矶,1 ms,0 kB/s
23.27.245.194,443,true,LAX,北美洲,美国洛杉矶,1 ms,0 kB/s
23.27.47.53,29333,true,LAX,北美洲,美国洛杉矶,1 ms,0 kB/s
166.88.114.197,13878,true,LAX,北美洲,美国洛杉矶,1 ms,0 kB/s
23.27.120.239,30019,true,LAX,北美洲,美国洛杉矶,1 ms,0 kB/s
23.27.245.214,40000,true,LAX,北美洲,美国洛杉矶,1 ms,0 kB/s
23.27.46.192,58225,true,LAX,北美洲,美国洛杉矶,1 ms,0 kB/s
23.27.12.143,17217,true,LAX,北美洲,美国洛杉矶,1 ms,0 kB/s
23.27.22.91,41953,true,LAX,北美洲,美国洛杉矶,1 ms,0 kB/s
23.27.22.215,17883,true,LAX,北美洲,美国洛杉矶,1 ms,0 kB/s
23.27.120.239,30021,true,LAX,北美洲,美国洛杉矶,1 ms,0 kB/s
23.27.120.239,30012,true,LAX,北美洲,美国洛杉矶,1 ms,0 kB/s
136.0.3.237,38291,true,LAX,北美洲,美国洛杉矶,1 ms,0 kB/s
23.27.26.46,48888,true,LAX,北美洲,美国洛杉矶,1 ms,0 kB/s
156.236.76.127,44354,true,LAX,北美洲,美国洛杉矶,4 ms,0 kB/s
23.27.163.212,14602,true,LAX,北美洲,美国洛杉矶,1 ms,0 kB/s
216.173.65.22,47015,true,LAX,北美洲,美国洛杉矶,1 ms,0 kB/s
103.179.142.182,4992,true,LAX,北美洲,美国洛杉矶,1 ms,0 kB/s
23.27.120.239,30003,true,LAX,北美洲,美国洛杉矶,1 ms,0 kB/s
23.27.22.215,54561,true,LAX,北美洲,美国洛杉矶,1 ms,0 kB/s
23.27.120.239,30002,true,LAX,北美洲,美国洛杉矶,1 ms,0 kB/s
45.249.90.236,45496,true,LAX,北美洲,美国洛杉矶,1 ms,0 kB/s
23.27.26.120,21160,true,LAX,北美洲,美国洛杉矶,1 ms,0 kB/s
23.27.245.156,30231,true,LAX,北美洲,美国洛杉矶,1 ms,0 kB/s
23.27.163.15,443,true,LAX,北美洲,美国洛杉矶,1 ms,0 kB/s
23.27.176.243,25054,true,LAX,北美洲,美国洛杉矶,1 ms,0 kB/s
23.27.22.215,48908,true,LAX,北美洲,美国洛杉矶,1 ms,0 kB/s
136.0.3.159,27015,true,LAX,北美洲,美国洛杉矶,1 ms,0 kB/s
23.27.120.239,30023,true,LAX,北美洲,美国洛杉矶,1 ms,0 kB/s
23.27.244.132,55505,true,LAX,北美洲,美国洛杉矶,2 ms,0 kB/s
23.27.26.144,20004,true,LAX,北美洲,美国洛杉矶,3 ms,0 kB/s
23.27.26.119,57044,true,LAX,北美洲,美国洛杉矶,1 ms,0 kB/s
136.0.3.158,29688,true,LAX,北美洲,美国洛杉矶,1 ms,0 kB/s
23.27.177.194,43006,true,LAX,北美洲,美国洛杉矶,1 ms,0 kB/s
23.27.168.236,9056,true,LAX,北美洲,美国洛杉矶,1 ms,0 kB/s
156.236.76.9,27573,true,LAX,北美洲,美国洛杉矶,1 ms,0 kB/s
23.27.163.202,58954,true,LAX,北美洲,美国洛杉矶,1 ms,0 kB/s
198.105.126.147,50342,true,LAX,北美洲,美国洛杉矶,1 ms,0 kB/s
166.88.90.92,46070,true,LAX,北美洲,美国洛杉矶,1 ms,0 kB/s
166.88.96.14,33637,true,LAX,北美洲,美国洛杉矶,1 ms,0 kB/s
23.27.120.239,30018,true,LAX,北美洲,美国洛杉矶,3 ms,0 kB/s
166.88.96.168,443,true,LAX,北美洲,美国洛杉矶,1 ms,0 kB/s
23.27.120.239,30017,true,LAX,北美洲,美国洛杉矶,1 ms,0 kB/s
45.249.90.192,7277,true,LAX,北美洲,美国洛杉矶,1 ms,0 kB/s
223.165.6.156,40842,true,LAX,北美洲,美国洛杉矶,1 ms,0 kB/s
198.105.126.236,16978,true,LAX,北美洲,美国洛杉矶,1 ms,0 kB/s
216.173.65.183,21591,true,LAX,北美洲,美国洛杉矶,1 ms,0 kB/s
23.27.123.13,25176,true,LAX,北美洲,美国洛杉矶,1 ms,0 kB/s
23.27.120.239,30008,true,LAX,北美洲,美国洛杉矶,1 ms,0 kB/s
23.27.123.63,23123,true,LAX,北美洲,美国洛杉矶,1 ms,0 kB/s
23.27.245.251,17033,true,LAX,北美洲,美国洛杉矶,1 ms,0 kB/s
23.27.120.239,30006,true,LAX,北美洲,美国洛杉矶,1 ms,0 kB/s
23.27.163.8,31311,true,LAX,北美洲,美国洛杉矶,3 ms,0 kB/s
23.27.175.83,25215,true,LAX,北美洲,美国洛杉矶,1 ms,0 kB/s
23.27.120.239,30011,true,LAX,北美洲,美国洛杉矶,1 ms,0 kB/s
23.27.46.231,33729,true,LAX,北美洲,美国洛杉矶,1 ms,0 kB/s
23.27.120.213,53061,true,LAX,北美洲,美国洛杉矶,1 ms,0 kB/s
23.27.177.3,39738,true,LAX,北美洲,美国洛杉矶,1 ms,0 kB/s
166.88.96.181,27536,true,LAX,北美洲,美国洛杉矶,2 ms,0 kB/s
23.27.177.231,64076,true,LAX,北美洲,美国洛杉矶,1 ms,0 kB/s
23.27.47.143,53695,true,LAX,北美洲,美国洛杉矶,1 ms,0 kB/s
142.111.135.217,16916,true,LAX,北美洲,美国洛杉矶,1 ms,0 kB/s
23.27.120.213,15046,true,LAX,北美洲,美国洛杉矶,1 ms,0 kB/s
23.27.164.31,26259,true,LAX,北美洲,美国洛杉矶,1 ms,0 kB/s
198.105.126.235,60773,true,LAX,北美洲,美国洛杉矶,1 ms,0 kB/s
23.27.120.23,28164,true,LAX,北美洲,美国洛杉矶,1 ms,0 kB/s
23.27.12.137,40214,true,LAX,北美洲,美国洛杉矶,1 ms,0 kB/s
136.0.3.43,27566,true,LAX,北美洲,美国洛杉矶,1 ms,0 kB/s
23.27.168.175,41133,true,LAX,北美洲,美国洛杉矶,1 ms,0 kB/s
216.173.64.210,20002,true,LAX,北美洲,美国洛杉矶,1 ms,0 kB/s
216.173.64.197,39738,true,LAX,北美洲,美国洛杉矶,1 ms,0 kB/s
166.88.114.101,22199,true,LAX,北美洲,美国洛杉矶,1 ms,0 kB/s
23.27.26.13,20002,true,LAX,北美洲,美国洛杉矶,1 ms,0 kB/s
23.27.26.214,20004,true,LAX,北美洲,美国洛杉矶,1 ms,0 kB/s
23.27.22.110,26885,true,LAX,北美洲,美国洛杉矶,1 ms,0 kB/s
166.88.114.16,19970,true,LAX,北美洲,美国洛杉矶,1 ms,0 kB/s
23.27.244.80,39738,true,LAX,北美洲,美国洛杉矶,1 ms,0 kB/s
166.88.90.192,29702,true,LAX,北美洲,美国洛杉矶,1 ms,0 kB/s
23.27.22.2,37014,true,LAX,北美洲,美国洛杉矶,1 ms,0 kB/s
23.27.245.144,47685,true,LAX,北美洲,美国洛杉矶,1 ms,0 kB/s
23.27.120.55,52177,true,LAX,北美洲,美国洛杉矶,1 ms,0 kB/s
136.0.3.110,19797,true,LAX,北美洲,美国洛杉矶,3 ms,0 kB/s
23.27.26.23,20002,true,LAX,北美洲,美国洛杉矶,1 ms,0 kB/s
216.173.65.144,22221,true,LAX,北美洲,美国洛杉矶,1 ms,0 kB/s
23.27.26.158,20004,true,LAX,北美洲,美国洛杉矶,6 ms,0 kB/s
166.88.101.144,40915,true,LAX,北美洲,美国洛杉矶,2 ms,0 kB/s
23.27.123.13,39738,true,LAX,北美洲,美国洛杉矶,4 ms,0 kB/s
166.88.8.188,8443,true,EWR,北美洲,美国纽瓦克,63 ms,0 kB/s
23.27.141.210,27015,true,EWR,北美洲,美国纽瓦克,60 ms,0 kB/s
23.27.50.10,27015,true,EWR,北美洲,美国纽瓦克,66 ms,0 kB/s
166.88.8.61,27015,true,EWR,北美洲,美国纽瓦克,65 ms,0 kB/s
23.27.51.188,59645,true,EWR,北美洲,美国纽瓦克,67 ms,0 kB/s
136.0.7.147,27015,true,EWR,北美洲,美国纽瓦克,60 ms,0 kB/s
166.88.8.188,2053,true,EWR,北美洲,美国纽瓦克,64 ms,0 kB/s
23.27.142.26,44739,true,EWR,北美洲,美国纽瓦克,67 ms,0 kB/s
23.27.202.65,2053,true,EWR,北美洲,美国纽瓦克,62 ms,0 kB/s
23.27.202.17,43802,true,IAD,北美洲,美国阿什伯恩,59 ms,0 kB/s
23.27.143.231,51198,true,IAD,北美洲,美国阿什伯恩,63 ms,0 kB/s
23.27.125.207,27015,true,EWR,北美洲,美国纽瓦克,69 ms,0 kB/s
23.27.51.55,55999,true,EWR,北美洲,美国纽瓦克,69 ms,0 kB/s
23.27.141.239,47154,true,IAD,北美洲,美国阿什伯恩,66 ms,0 kB/s
136.0.7.139,27015,true,EWR,北美洲,美国纽瓦克,66 ms,0 kB/s
23.27.125.186,36578,true,IAD,北美洲,美国阿什伯恩,63 ms,0 kB/s
166.88.8.90,29886,true,EWR,北美洲,美国纽瓦克,67 ms,0 kB/s
23.27.143.135,27015,true,EWR,北美洲,美国纽瓦克,68 ms,0 kB/s
23.27.141.114,27015,true,EWR,北美洲,美国纽瓦克,66 ms,0 kB/s
23.27.202.187,27015,true,EWR,北美洲,美国纽瓦克,60 ms,0 kB/s
23.27.141.39,51198,true,IAD,北美洲,美国阿什伯恩,63 ms,0 kB/s
136.0.8.245,51164,true,IAD,北美洲,美国阿什伯恩,71 ms,0 kB/s
23.27.143.166,39198,true,EWR,北美洲,美国纽瓦克,67 ms,0 kB/s
136.0.10.193,45808,true,EWR,北美洲,美国纽瓦克,63 ms,0 kB/s
166.88.8.43,55751,true,EWR,北美洲,美国纽瓦克,74 ms,0 kB/s
23.27.126.212,59606,true,EWR,北美洲,美国纽瓦克,67 ms,0 kB/s
23.27.125.134,51198,true,IAD,北美洲,美国阿什伯恩,63 ms,0 kB/s
166.88.8.72,30587,true,EWR,北美洲,美国纽瓦克,72 ms,0 kB/s
23.27.51.188,39728,true,IAD,北美洲,美国阿什伯恩,65 ms,0 kB/s
23.27.142.74,27015,true,EWR,北美洲,美国纽瓦克,62 ms,0 kB/s
23.27.125.173,27015,true,EWR,北美洲,美国纽瓦克,67 ms,0 kB/s
23.27.142.8,17858,true,EWR,北美洲,美国纽瓦克,67 ms,0 kB/s
38.95.173.57,4203,true,YYZ,北美洲,加拿大多伦多,72 ms,0 kB/s
23.27.142.32,39738,true,EWR,北美洲,美国纽瓦克,61 ms,0 kB/s
166.88.8.80,58290,true,IAD,北美洲,美国阿什伯恩,60 ms,0 kB/s
136.0.10.193,28481,true,IAD,北美洲,美国阿什伯恩,62 ms,0 kB/s
23.27.140.159,39738,true,EWR,北美洲,美国纽瓦克,64 ms,0 kB/s
23.27.141.64,50704,true,IAD,北美洲,美国阿什伯恩,60 ms,0 kB/s
136.0.10.193,29869,true,IAD,北美洲,美国阿什伯恩,69 ms,0 kB/s
23.27.143.231,39738,true,IAD,北美洲,美国阿什伯恩,70 ms,0 kB/s
136.0.10.193,15650,true,EWR,北美洲,美国纽瓦克,72 ms,0 kB/s
23.27.141.39,39738,true,IAD,北美洲,美国阿什伯恩,62 ms,0 kB/s
23.27.169.166,17085,true,NRT,亚太,日本东京,99 ms,0 kB/s
23.27.169.128,39738,true,NRT,亚太,日本东京,103 ms,0 kB/s
23.27.169.166,17085,true,NRT,亚太,日本东京,103 ms,0 kB/s
23.27.52.60,21852,true,NRT,亚太,日本东京,105 ms,0 kB/s
23.27.141.48,49694,true,EWR,北美洲,美国纽瓦克,63 ms,0 kB/s
23.27.169.128,51198,true,NRT,亚太,日本东京,103 ms,0 kB/s
23.27.52.98,39738,true,NRT,亚太,日本东京,102 ms,0 kB/s
23.27.169.117,39738,true,NRT,亚太,日本东京,99 ms,0 kB/s
23.27.169.181,443,true,NRT,亚太,日本东京,103 ms,0 kB/s
23.27.52.230,32601,true,NRT,亚太,日本东京,106 ms,0 kB/s
23.27.202.184,10443,true,IAD,北美洲,美国阿什伯恩,68 ms,0 kB/s
23.27.52.226,34045,true,NRT,亚太,日本东京,99 ms,0 kB/s
23.27.169.117,51198,true,NRT,亚太,日本东京,103 ms,0 kB/s
166.88.14.171,443,true,KIX,亚太,大阪,120 ms,0 kB/s
23.27.169.181,8527,true,NRT,亚太,日本东京,109 ms,0 kB/s
23.27.11.93,21846,true,KIX,亚太,大阪,131 ms,0 kB/s
136.0.11.62,443,true,KIX,亚太,大阪,115 ms,0 kB/s
23.27.11.203,34309,true,KIX,亚太,大阪,113 ms,0 kB/s
166.88.2.107,37136,true,KIX,亚太,大阪,120 ms,0 kB/s
166.88.98.222,47978,true,KIX,亚太,大阪,117 ms,0 kB/s
168.93.214.126,24411,true,KIX,亚太,大阪,116 ms,0 kB/s
166.88.98.36,39738,true,KIX,亚太,大阪,120 ms,0 kB/s
23.27.11.138,8443,true,KIX,亚太,大阪,115 ms,0 kB/s
136.0.11.145,4157,true,KIX,亚太,大阪,122 ms,0 kB/s
166.88.14.2,53829,true,KIX,亚太,大阪,120 ms,0 kB/s
23.27.140.159,41696,true,IAD,北美洲,美国阿什伯恩,61 ms,0 kB/s
23.27.11.138,44333,true,KIX,亚太,大阪,117 ms,0 kB/s
96.126.191.155,443,true,KIX,亚太,大阪,118 ms,0 kB/s
166.88.2.39,16917,true,KIX,亚太,大阪,114 ms,0 kB/s
166.88.99.162,53421,true,KIX,亚太,大阪,117 ms,0 kB/s
166.88.100.43,56581,true,KIX,亚太,大阪,115 ms,0 kB/s
166.88.100.15,48522,true,KIX,亚太,大阪,114 ms,0 kB/s
166.88.2.46,33206,true,KIX,亚太,大阪,118 ms,0 kB/s
168.93.214.63,443,true,KIX,亚太,大阪,120 ms,0 kB/s
166.88.14.211,23657,true,KIX,亚太,大阪,126 ms,0 kB/s
168.93.214.17,40849,true,KIX,亚太,大阪,117 ms,0 kB/s
23.27.11.203,54925,true,KIX,亚太,大阪,126 ms,0 kB/s
166.88.99.108,56037,true,KIX,亚太,大阪,116 ms,0 kB/s
166.88.95.108,39738,true,KIX,亚太,大阪,125 ms,0 kB/s
166.88.95.214,51294,true,KIX,亚太,大阪,115 ms,0 kB/s
23.27.11.131,50012,true,KIX,亚太,大阪,114 ms,0 kB/s
168.93.214.151,57350,true,KIX,亚太,大阪,117 ms,0 kB/s
50.114.113.137,15454,true,KIX,亚太,大阪,117 ms,0 kB/s
168.93.214.214,38944,true,KIX,亚太,大阪,120 ms,0 kB/s
166.88.2.174,10349,true,KIX,亚太,大阪,116 ms,0 kB/s
193.247.144.184,21625,true,LHR,欧洲,英国伦敦,138 ms,0 kB/s
23.27.13.190,28022,true,LHR,欧洲,英国伦敦,138 ms,0 kB/s
216.173.66.213,47344,true,LHR,欧洲,英国伦敦,133 ms,0 kB/s
23.27.125.134,39738,true,EWR,北美洲,美国纽瓦克,68 ms,0 kB/s
216.173.66.56,41026,true,LHR,欧洲,英国伦敦,133 ms,0 kB/s
136.0.10.24,3939,true,IAD,北美洲,美国阿什伯恩,60 ms,0 kB/s
166.88.54.112,52902,true,LHR,欧洲,英国伦敦,138 ms,0 kB/s
166.88.73.142,31514,true,LHR,欧洲,英国伦敦,138 ms,0 kB/s
103.179.143.217,52677,true,LHR,欧洲,英国伦敦,133 ms,0 kB/s
216.173.66.177,51653,true,LHR,欧洲,英国伦敦,134 ms,0 kB/s
166.0.132.90,58317,true,CDG,欧洲,法国巴黎,140 ms,0 kB/s
91.218.183.189,18551,true,LHR,欧洲,英国伦敦,132 ms,0 kB/s
23.27.51.193,53828,true,EWR,北美洲,美国纽瓦克,64 ms,0 kB/s
23.27.0.105,11447,true,HKG,亚太,香港,142 ms,0 kB/s
166.0.132.111,22665,true,CDG,欧洲,法国巴黎,142 ms,0 kB/s
91.218.183.182,51225,true,LHR,欧洲,英国伦敦,134 ms,0 kB/s
166.0.132.26,14130,true,CDG,欧洲,法国巴黎,148 ms,0 kB/s
136.0.9.31,2050,true,LHR,欧洲,英国伦敦,138 ms,0 kB/s
108.165.147.82,44527,true,HKG,亚太,香港,142 ms,0 kB/s
154.91.0.217,955,true,LHR,欧洲,英国伦敦,134 ms,0 kB/s
103.179.143.206,34442,true,LHR,欧洲,英国伦敦,138 ms,0 kB/s
166.88.54.33,14789,true,LHR,欧洲,英国伦敦,134 ms,0 kB/s
198.20.133.171,19001,true,HKG,亚太,香港,142 ms,0 kB/s
154.81.220.90,13530,true,LHR,欧洲,英国伦敦,138 ms,0 kB/s
166.88.73.175,27208,true,LHR,欧洲,英国伦敦,134 ms,0 kB/s
108.165.255.181,443,true,HKG,亚太,香港,141 ms,0 kB/s
23.27.0.208,30214,true,HKG,亚太,香港,142 ms,0 kB/s
23.27.20.142,48537,true,LHR,欧洲,英国伦敦,137 ms,0 kB/s
108.165.255.158,49963,true,HKG,亚太,香港,142 ms,0 kB/s
166.0.150.150,52230,true,CDG,欧洲,法国巴黎,143 ms,0 kB/s
198.105.127.143,55207,true,LHR,欧洲,英国伦敦,135 ms,0 kB/s
166.0.132.145,17400,true,CDG,欧洲,法国巴黎,143 ms,0 kB/s
166.88.167.206,30715,true,LHR,欧洲,英国伦敦,134 ms,0 kB/s
23.27.13.252,25349,true,LHR,欧洲,英国伦敦,134 ms,0 kB/s
166.88.134.135,43039,true,LHR,欧洲,英国伦敦,133 ms,0 kB/s
23.27.20.244,13896,true,LHR,欧洲,英国伦敦,133 ms,0 kB/s
216.173.66.101,53475,true,LHR,欧洲,英国伦敦,132 ms,0 kB/s
23.27.99.53,52460,true,SYD,大洋洲,澳大利亚悉尼,160 ms,0 kB/s
23.27.99.53,59662,true,SYD,大洋洲,澳大利亚悉尼,160 ms,0 kB/s
166.0.150.205,40133,true,CDG,欧洲,法国巴黎,132 ms,0 kB/s
142.111.77.179,443,true,FRA,欧洲,德国法兰克福,155 ms,0 kB/s
23.27.99.53,45852,true,SYD,大洋洲,澳大利亚悉尼,159 ms,0 kB/s
23.27.99.53,37098,true,SYD,大洋洲,澳大利亚悉尼,159 ms,0 kB/s
23.27.99.53,42134,true,SYD,大洋洲,澳大利亚悉尼,160 ms,0 kB/s
23.27.99.53,45467,true,SYD,大洋洲,澳大利亚悉尼,159 ms,0 kB/s
23.27.99.53,50525,true,SYD,大洋洲,澳大利亚悉尼,159 ms,0 kB/s
23.27.99.192,12580,true,SYD,大洋洲,澳大利亚悉尼,159 ms,0 kB/s
23.27.99.53,30417,true,SYD,大洋洲,澳大利亚悉尼,160 ms,0 kB/s
156.227.0.240,59671,true,FRA,欧洲,德国法兰克福,150 ms,0 kB/s
23.27.25.75,12648,true,FRA,欧洲,德国法兰克福,155 ms,0 kB/s
23.27.99.53,22404,true,SYD,大洋洲,澳大利亚悉尼,160 ms,0 kB/s
23.27.99.53,46439,true,SYD,大洋洲,澳大利亚悉尼,160 ms,0 kB/s
156.227.0.186,14344,true,FRA,欧洲,德国法兰克福,154 ms,0 kB/s
23.27.99.53,26819,true,SYD,大洋洲,澳大利亚悉尼,160 ms,0 kB/s
156.227.0.182,39738,true,FRA,欧洲,德国法兰克福,151 ms,0 kB/s
23.27.99.53,58664,true,SYD,大洋洲,澳大利亚悉尼,160 ms,0 kB/s
166.88.132.42,44426,true,FRA,欧洲,德国法兰克福,154 ms,0 kB/s
50.114.59.239,5324,true,HKG,亚太,香港,142 ms,0 kB/s
23.27.48.128,35385,true,HKG,亚太,香港,190 ms,0 kB/s
166.88.54.164,12175,true,LHR,欧洲,英国伦敦,145 ms,0 kB/s
23.27.98.123,17496,true,CGK,亚太,印度尼西亚雅加达,195 ms,0 kB/s
108.165.155.188,11363,true,HKG,亚太,香港,197 ms,0 kB/s
23.27.169.141,15581,true,NRT,亚太,日本东京,105 ms,0 kB/s
142.111.15.100,50779,true,CGK,亚太,印度尼西亚雅加达,193 ms,0 kB/s
23.27.98.133,43141,true,CGK,亚太,印度尼西亚雅加达,201 ms,0 kB/s
23.27.48.90,4431,true,HKG,亚太,香港,143 ms,0 kB/s
166.88.11.3,39738,true,HKG,亚太,香港,188 ms,0 kB/s
166.88.2.3,15107,true,KIX,亚太,大阪,117 ms,0 kB/s
23.27.51.44,13571,true,EWR,北美洲,美国纽瓦克,62 ms,0 kB/s
136.0.10.29,44557,true,IAD,北美洲,美国阿什伯恩,68 ms,0 kB/s
166.88.35.66,48145,true,KUL,亚太,马来西亚吉隆坡,246 ms,0 kB/s
23.27.53.248,46715,true,KUL,亚太,马来西亚吉隆坡,247 ms,0 kB/s
38.246.73.49,32305,true,KUL,亚太,马来西亚吉隆坡,251 ms,0 kB/s
38.246.73.124,443,true,KUL,亚太,马来西亚吉隆坡,253 ms,0 kB/s
168.93.198.182,11955,true,KUL,亚太,马来西亚吉隆坡,245 ms,0 kB/s
168.93.198.158,17163,true,KUL,亚太,马来西亚吉隆坡,246 ms,0 kB/s
108.165.177.149,443,true,KUL,亚太,马来西亚吉隆坡,254 ms,0 kB/s
45.195.76.7,54144,true,KUL,亚太,马来西亚吉隆坡,247 ms,0 kB/s
136.0.254.229,53882,true,KUL,亚太,马来西亚吉隆坡,245 ms,0 kB/s
142.111.146.61,23333,true,KUL,亚太,马来西亚吉隆坡,252 ms,0 kB/s
23.27.53.227,443,true,KUL,亚太,马来西亚吉隆坡,241 ms,0 kB/s
23.27.199.212,49716,true,KUL,亚太,马来西亚吉隆坡,250 ms,0 kB/s
155.254.60.17,443,true,KUL,亚太,马来西亚吉隆坡,247 ms,0 kB/s
168.93.198.158,17172,true,KUL,亚太,马来西亚吉隆坡,242 ms,0 kB/s
50.114.5.178,55143,true,KUL,亚太,马来西亚吉隆坡,256 ms,0 kB/s
23.27.199.212,42379,true,KUL,亚太,马来西亚吉隆坡,243 ms,0 kB/s
96.126.190.25,50589,true,KUL,亚太,马来西亚吉隆坡,240 ms,0 kB/s
198.20.153.238,48548,true,KUL,亚太,马来西亚吉隆坡,245 ms,0 kB/s
142.111.146.223,21696,true,KUL,亚太,马来西亚吉隆坡,244 ms,0 kB/s
45.195.69.77,49267,true,KUL,亚太,马来西亚吉隆坡,247 ms,0 kB/s
166.88.35.131,19644,true,KUL,亚太,马来西亚吉隆坡,240 ms,0 kB/s
23.27.240.145,13331,true,KUL,亚太,马来西亚吉隆坡,253 ms,0 kB/s
38.246.73.30,18059,true,KUL,亚太,马来西亚吉隆坡,251 ms,0 kB/s
166.88.35.138,33486,true,KUL,亚太,马来西亚吉隆坡,243 ms,0 kB/s
38.211.230.2,53423,true,KUL,亚太,马来西亚吉隆坡,242 ms,0 kB/s
166.88.57.244,39738,true,KUL,亚太,马来西亚吉隆坡,249 ms,0 kB/s
23.27.28.35,443,true,KUL,亚太,马来西亚吉隆坡,246 ms,0 kB/s
23.27.53.253,443,true,KUL,亚太,马来西亚吉隆坡,242 ms,0 kB/s
50.114.5.90,22783,true,KUL,亚太,马来西亚吉隆坡,248 ms,0 kB/s
166.88.35.55,27015,true,KUL,亚太,马来西亚吉隆坡,249 ms,0 kB/s
38.211.230.2,24641,true,KUL,亚太,马来西亚吉隆坡,252 ms,0 kB/s
23.27.53.119,35209,true,KUL,亚太,马来西亚吉隆坡,247 ms,0 kB/s
38.211.230.2,47958,true,KUL,亚太,马来西亚吉隆坡,247 ms,0 kB/s
168.93.198.38,14694,true,KUL,亚太,马来西亚吉隆坡,244 ms,0 kB/s
168.93.198.158,10429,true,KUL,亚太,马来西亚吉隆坡,248 ms,0 kB/s
166.0.253.187,443,true,KUL,亚太,马来西亚吉隆坡,245 ms,0 kB/s
23.27.199.113,443,true,KUL,亚太,马来西亚吉隆坡,261 ms,0 kB/s
142.111.146.92,27790,true,KUL,亚太,马来西亚吉隆坡,247 ms,0 kB/s
168.93.198.103,14049,true,KUL,亚太,马来西亚吉隆坡,254 ms,0 kB/s
45.134.36.154,33305,true,KUL,亚太,马来西亚吉隆坡,245 ms,0 kB/s
166.0.253.135,58907,true,KUL,亚太,马来西亚吉隆坡,240 ms,0 kB/s
23.26.204.39,25580,true,KUL,亚太,马来西亚吉隆坡,241 ms,0 kB/s
23.27.28.16,31387,true,KUL,亚太,马来西亚吉隆坡,246 ms,0 kB/s
205.186.64.43,48970,true,KUL,亚太,马来西亚吉隆坡,254 ms,0 kB/s
38.211.230.2,31287,true,KUL,亚太,马来西亚吉隆坡,250 ms,0 kB/s
166.88.7.222,25126,true,KUL,亚太,马来西亚吉隆坡,255 ms,0 kB/s
155.254.60.5,27015,true,KUL,亚太,马来西亚吉隆坡,244 ms,0 kB/s
96.126.190.36,12496,true,KUL,亚太,马来西亚吉隆坡,244 ms,0 kB/s
45.194.27.122,24052,true,KUL,亚太,马来西亚吉隆坡,241 ms,0 kB/s
166.88.35.150,16839,true,KUL,亚太,马来西亚吉隆坡,237 ms,0 kB/s
23.27.28.204,37908,true,KUL,亚太,马来西亚吉隆坡,243 ms,0 kB/s
23.27.28.175,53796,true,KUL,亚太,马来西亚吉隆坡,231 ms,0 kB/s
45.134.36.7,31356,true,KUL,亚太,马来西亚吉隆坡,249 ms,0 kB/s
216.173.67.246,42800,true,KUL,亚太,马来西亚吉隆坡,245 ms,0 kB/s
38.211.230.56,50701,true,KUL,亚太,马来西亚吉隆坡,250 ms,0 kB/s
166.88.194.163,26627,true,KUL,亚太,马来西亚吉隆坡,248 ms,0 kB/s
205.186.64.216,5899,true,KUL,亚太,马来西亚吉隆坡,245 ms,0 kB/s
96.126.190.36,35680,true,KUL,亚太,马来西亚吉隆坡,249 ms,0 kB/s
108.165.177.110,15584,true,KUL,亚太,马来西亚吉隆坡,245 ms,0 kB/s
38.211.230.2,52645,true,KUL,亚太,马来西亚吉隆坡,244 ms,0 kB/s
38.211.230.139,30370,true,KUL,亚太,马来西亚吉隆坡,237 ms,0 kB/s
23.27.28.136,49923,true,KUL,亚太,马来西亚吉隆坡,242 ms,0 kB/s
23.27.53.80,12536,true,KUL,亚太,马来西亚吉隆坡,238 ms,0 kB/s
166.0.253.231,9884,true,KUL,亚太,马来西亚吉隆坡,249 ms,0 kB/s
23.27.199.6,23729,true,KUL,亚太,马来西亚吉隆坡,239 ms,0 kB/s
166.88.7.48,49544,true,KUL,亚太,马来西亚吉隆坡,243 ms,0 kB/s
23.27.199.212,32420,true,KUL,亚太,马来西亚吉隆坡,241 ms,0 kB/s
198.20.153.112,443,true,KUL,亚太,马来西亚吉隆坡,252 ms,0 kB/s
38.211.230.32,61864,true,KUL,亚太,马来西亚吉隆坡,242 ms,0 kB/s
23.27.199.139,17601,true,KUL,亚太,马来西亚吉隆坡,246 ms,0 kB/s
142.111.146.106,29725,true,KUL,亚太,马来西亚吉隆坡,239 ms,0 kB/s
50.114.5.83,587,true,SIN,亚太,新加坡,233 ms,0 kB/s
168.93.214.168,33768,true,KIX,亚太,大阪,118 ms,0 kB/s
45.195.69.185,15597,true,KUL,亚太,马来西亚吉隆坡,247 ms,0 kB/s
166.0.253.231,19000,true,SIN,亚太,新加坡,253 ms,0 kB/s
38.211.230.108,33406,true,SIN,亚太,新加坡,251 ms,0 kB/s
142.111.146.171,65443,true,KUL,亚太,马来西亚吉隆坡,247 ms,0 kB/s
166.0.253.190,20834,true,SIN,亚太,新加坡,257 ms,0 kB/s
50.114.5.119,26555,true,SIN,亚太,新加坡,243 ms,0 kB/s
166.88.141.134,54168,true,HKG,亚太,香港,188 ms,0 kB/s
50.114.59.186,42283,true,TPE,亚太,台北,188 ms,0 kB/s
50.114.5.39,587,true,SIN,亚太,新加坡,253 ms,0 kB/s
23.27.199.121,32002,true,SIN,亚太,新加坡,245 ms,0 kB/s
23.27.28.175,587,true,SIN,亚太,新加坡,241 ms,0 kB/s
108.165.177.35,20628,true,SIN,亚太,新加坡,244 ms,0 kB/s
198.20.153.70,38152,true,KUL,亚太,马来西亚吉隆坡,238 ms,0 kB/s
142.111.146.171,64380,true,KUL,亚太,马来西亚吉隆坡,249 ms,0 kB/s
23.27.48.238,34682,true,HKG,亚太,香港,180 ms,0 kB/s
166.88.141.134,20156,true,TPE,亚太,台北,188 ms,0 kB/s
23.27.48.33,58526,true,TPE,亚太,台北,188 ms,0 kB/s
108.165.100.78,443,true,HKG,亚太,香港,188 ms,0 kB/s
136.0.10.209,26557,true,EWR,北美洲,美国纽瓦克,64 ms,0 kB/s
23.27.48.33,41979,true,TPE,亚太,台北,188 ms,0 kB/s
166.88.61.87,8443,true,HKG,亚太,香港,188 ms,0 kB/s
50.114.59.54,16257,true,HKG,亚太,香港,187 ms,0 kB/s
23.27.141.124,21773,true,EWR,北美洲,美国纽瓦克,62 ms,0 kB/s
23.27.141.78,27015,true,EWR,北美洲,美国纽瓦克,66 ms,0 kB/s
166.88.141.134,30397,true,TPE,亚太,台北,180 ms,0 kB/s
136.0.11.82,35585,true,KIX,亚太,大阪,116 ms,0 kB/s
216.173.65.96,61769,true,LAX,北美洲,美国洛杉矶,1 ms,0 kB/s
108.165.64.141,8443,true,SYD,大洋洲,澳大利亚悉尼,159 ms,0 kB/s
205.186.64.126,27432,true,KUL,亚太,马来西亚吉隆坡,241 ms,0 kB/s
142.111.135.109,48182,true,LAX,北美洲,美国洛杉矶,1 ms,0 kB/s
166.88.134.137,25648,true,LHR,欧洲,英国伦敦,134 ms,0 kB/s
